pecha id,language,url
PD3B94381,en,https://github.com/OpenPecha/PD3B94381
P5DCAD99A,de,https://github.com/OpenPecha/P5DCAD99A
P46048860,es,https://github.com/OpenPecha/P46048860
P19968EB3,fr,https://github.com/OpenPecha/P19968EB3
P2225FF26,it,https://github.com/OpenPecha/P2225FF26
PAA823583,nl,https://github.com/OpenPecha/PAA823583
PA33AEE39,pt,https://github.com/OpenPecha/PA33AEE39
PB464438D,zh,https://github.com/OpenPecha/PB464438D
PA99BD59E,bo,https://github.com/OpenPecha/PA99BD59E
